AS,PS,F1S
0.9777777777777779,0.9722222222222222,0.9658994032395567
