model_name,trial,mean_AS,std_AS
"BaseGA-{'epoch': 10, 'pop_size': 20}",0,0.9222222222222222,0.02484519974999765
"BaseGA-{'epoch': 10, 'pop_size': 20}",1,0.8833333333333334,0.04267303193260339
"OriginalPSO-{'epoch': 10, 'pop_size': 20}",0,0.8944444444444445,0.06358623967921995
"OriginalPSO-{'epoch': 10, 'pop_size': 20}",1,0.8999999999999999,0.024845199749997614
