model,trial,AS_train,PS_train,F1S_train,NPV_train,AS_test,PS_test,F1S_test,NPV_test
"BaseGA-MLP-{'epoch': 10, 'pop_size': 20}",0,0.9388888888888888,0.9085858585858585,0.9069720715290335,0.9557539682539682,0.9333333333333332,0.9027777777777778,0.8976982097186701,0.9511784511784512
"BaseGA-MLP-{'epoch': 10, 'pop_size': 20}",1,0.9111111111111111,0.8747570659114886,0.8610644257703082,0.9397089397089399,0.9333333333333332,0.9285714285714285,0.8933333333333334,0.9583333333333334
"OriginalPSO-MLP-{'epoch': 10, 'pop_size': 20}",0,0.8666666666666667,0.846031746031746,0.789307255211706,0.9162551440329217,0.888888888888889,0.8958333333333334,0.8100664767331435,0.9358974358974358
"OriginalPSO-MLP-{'epoch': 10, 'pop_size': 20}",1,0.8722222222222222,0.8383940620782727,0.8136666201182331,0.905095913704235,0.8222222222222223,0.8141414141414142,0.7157287157287158,0.883310841205578
